iter	Logloss
0	0.24103515
1	0.2083499803
